{"cameraMode":{"drawMode":0,"name":"Shaded","section":"Shading Mode"},"sceneLighting":false,"audioPlay":false,"sceneViewState":{"showFog":true,"showMaterialUpdate":false,"showSkybox":false,"showFlares":true,"showImageEffects":true,"showParticleSystems":true},"in2DMode":false,"pivot":{"x":-10.737834930419922,"y":2.1870479583740236,"z":-7.391761779785156},"rotation":{"x":0.12901967763900758,"y":0.34686368703842165,"z":-0.05649901553988457,"w":0.9283966422080994},"size":3.4654831886291506,"orthographic":true}