{"cameraMode":{"drawMode":0,"name":"Shaded","section":"Shading Mode"},"sceneLighting":false,"audioPlay":false,"sceneViewState":{"showFog":true,"showMaterialUpdate":false,"showSkybox":false,"showFlares":true,"showImageEffects":true,"showParticleSystems":true},"in2DMode":false,"pivot":{"x":0.24267667531967164,"y":0.26624345779418948,"z":-2.2209033966064455},"rotation":{"x":0.19773586094379426,"y":-0.7402247190475464,"z":0.23149843513965608,"w":0.6011647582054138},"size":0.3157010078430176,"orthographic":true}