{"cameraMode":{"drawMode":0,"name":"Shaded","section":"Shading Mode"},"sceneLighting":false,"audioPlay":false,"sceneViewState":{"showFog":true,"showMaterialUpdate":false,"showSkybox":false,"showFlares":true,"showImageEffects":true,"showParticleSystems":true},"in2DMode":false,"pivot":{"x":-10.346258163452149,"y":2.5788826942443849,"z":-7.0478363037109379},"rotation":{"x":-0.027103707194328309,"y":-0.7500834465026856,"z":0.014113041572272778,"w":-0.6625760793685913},"size":2.470271348953247,"orthographic":true}