{"cameraMode":{"drawMode":0,"name":"Shaded","section":"Shading Mode"},"sceneLighting":false,"audioPlay":false,"sceneViewState":{"showFog":true,"showMaterialUpdate":false,"showSkybox":false,"showFlares":true,"showImageEffects":true,"showParticleSystems":true},"in2DMode":false,"pivot":{"x":13.121687889099121,"y":1.9407800436019898,"z":32.0498046875},"rotation":{"x":0.528934121131897,"y":0.47114405035972597,"z":-0.42301470041275027,"w":0.5680160522460938},"size":2.78279709815979,"orthographic":true}