{"cameraMode":{"drawMode":0,"name":"Shaded","section":"Shading Mode"},"sceneLighting":false,"audioPlay":false,"sceneViewState":{"showFog":true,"showMaterialUpdate":false,"showSkybox":false,"showFlares":true,"showImageEffects":true,"showParticleSystems":true},"in2DMode":false,"pivot":{"x":12.756401062011719,"y":3.376633405685425,"z":31.50400161743164},"rotation":{"x":-0.23480068147182465,"y":-0.20271605253219605,"z":0.06172185391187668,"w":-0.9509474039077759},"size":1.4799611568450928,"orthographic":true}