{"cameraMode":{"drawMode":0,"name":"Shaded","section":"Shading Mode"},"sceneLighting":false,"audioPlay":false,"sceneViewState":{"showFog":true,"showMaterialUpdate":false,"showSkybox":false,"showFlares":true,"showImageEffects":true,"showParticleSystems":true},"in2DMode":false,"pivot":{"x":-0.2529066801071167,"y":0.2670210301876068,"z":-2.3409032821655275},"rotation":{"x":0.07464474439620972,"y":0.9172633290290833,"z":-0.26547226309776308,"w":0.2909550666809082},"size":0.3157009780406952,"orthographic":true}