{"cameraMode":{"drawMode":0,"name":"Shaded","section":"Shading Mode"},"sceneLighting":false,"audioPlay":false,"sceneViewState":{"showFog":true,"showMaterialUpdate":false,"showSkybox":false,"showFlares":true,"showImageEffects":true,"showParticleSystems":true},"in2DMode":false,"pivot":{"x":-7.5177154541015629,"y":0.7614908218383789,"z":-1.7465518712997437},"rotation":{"x":0.038309089839458469,"y":-0.8258569240570068,"z":0.03922571986913681,"w":0.5630478262901306},"size":1.463550329208374,"orthographic":true}