{"cameraMode":{"drawMode":0,"name":"Shaded","section":"Shading Mode"},"sceneLighting":false,"audioPlay":false,"sceneViewState":{"showFog":true,"showMaterialUpdate":false,"showSkybox":false,"showFlares":true,"showImageEffects":true,"showParticleSystems":true},"in2DMode":false,"pivot":{"x":-9.777670860290528,"y":2.1870479583740236,"z":-7.802316188812256},"rotation":{"x":0.507509708404541,"y":-0.17986521124839784,"z":0.09984755516052246,"w":0.8379620909690857},"size":2.2309958934783937,"orthographic":true}