{"cameraMode":{"drawMode":0,"name":"Shaded","section":"Shading Mode"},"sceneLighting":false,"audioPlay":false,"sceneViewState":{"showFog":true,"showMaterialUpdate":false,"showSkybox":false,"showFlares":true,"showImageEffects":true,"showParticleSystems":true},"in2DMode":false,"pivot":{"x":16.68104362487793,"y":0.42237675189971926,"z":4.570809364318848},"rotation":{"x":-0.06270165741443634,"y":0.8498109579086304,"z":-0.5172916054725647,"w":-0.09141044318675995},"size":0.7237516641616821,"orthographic":true}