{"cameraMode":{"drawMode":0,"name":"Shaded","section":"Shading Mode"},"sceneLighting":false,"audioPlay":false,"sceneViewState":{"showFog":true,"showMaterialUpdate":false,"showSkybox":false,"showFlares":true,"showImageEffects":true,"showParticleSystems":true},"in2DMode":false,"pivot":{"x":0.009824186563491822,"y":0.2692317068576813,"z":-1.790403127670288},"rotation":{"x":0.08201326429843903,"y":0.8786018490791321,"z":-0.18562394380569459,"w":0.4346836507320404},"size":0.3157694637775421,"orthographic":true}