{"cameraMode":{"drawMode":0,"name":"Shaded","section":"Shading Mode"},"sceneLighting":false,"audioPlay":false,"sceneViewState":{"showFog":true,"showMaterialUpdate":false,"showSkybox":false,"showFlares":true,"showImageEffects":true,"showParticleSystems":true},"in2DMode":false,"pivot":{"x":10.925031661987305,"y":1.3314292430877686,"z":-0.7998982667922974},"rotation":{"x":0.017837056890130044,"y":-0.9899629950523377,"z":0.11263967305421829,"w":0.09487628936767578},"size":1.7728266716003419,"orthographic":true}